{
  "bitcoin_tl": 3008762.9572,
  "bitcoin_usd": 68446,
  "ethereum_tl": 87252.191598,
  "ethereum_usd": 1984.89,
  "solana_tl": 3734.24909,
  "solana_usd": 84.95,
  "avalanche-2_tl": 402.21753,
  "avalanche-2_usd": 9.15,
  "ether-fi_tl": 22.6183401444,
  "ether-fi_usd": 0.514542,
  "arbitrum_tl": 4.5223756578,
  "arbitrum_usd": 0.102879,
  "zksync_tl": 0.8158800169520001,
  "zksync_usd": 0.01856036,
  "optimism_tl": 5.560360634399999,
  "optimism_usd": 0.126492,
  "ripple_tl": 59.783152,
  "ripple_usd": 1.36,
  "eigenlayer_tl": 8.341727823,
  "eigenlayer_usd": 0.189765,
  "io_tl": 4.997607758,
  "io_usd": 0.11369,
  "binancecoin_tl": 27801.803172,
  "binancecoin_usd": 632.46,
  "gram_altin_tl": 7239.24,
  "gram_altin_usd": 164.68463221878966,
  "dolar_tl": 43.9582,
  "dolar_usd": 1.0,
  "euro_tl": 51.1336,
  "euro_usd": 1.1632323434535536,
  "sterlin_tl": 58.8144,
  "sterlin_usd": 1.3379619729652261,
  "GMSTR.IS_tl": 740.5,
  "GMSTR.IS_usd": 16.845548725835,
  "GLDTR.IS_tl": 627.75,
  "GLDTR.IS_usd": 14.280612035979637,
  "amzn_tl": 9183.74706351013,
  "amzn_usd": 208.9199981689453,
  "aapl_tl": 11588.700480639647,
  "aapl_usd": 263.6300048828125,
  "tsm_tl": 15618.347923400877,
  "tsm_usd": 355.29998779296875
}