{
  "bitcoin_tl": 4115513.7035999997,
  "bitcoin_usd": 95342,
  "ethereum_tl": 144255.78702,
  "ethereum_usd": 3341.9,
  "solana_tl": 6277.170635999999,
  "solana_usd": 145.42,
  "avalanche-2_tl": 634.968918,
  "avalanche-2_usd": 14.71,
  "ether-fi_tl": 34.5635467128,
  "ether-fi_usd": 0.800716,
  "arbitrum_tl": 9.6619305114,
  "arbitrum_usd": 0.223833,
  "zksync_tl": 1.5518700788039999,
  "zksync_usd": 0.03595138,
  "optimism_tl": 15.5796595308,
  "optimism_usd": 0.360926,
  "ripple_tl": 93.66978599999999,
  "ripple_usd": 2.17,
  "eigenlayer_tl": 19.499934320999998,
  "eigenlayer_usd": 0.451745,
  "io_tl": 7.1033208822,
  "io_usd": 0.164559,
  "binancecoin_tl": 40738.587066,
  "binancecoin_usd": 943.77,
  "gram_altin_tl": 6424.79,
  "gram_altin_usd": 148.8398222667019,
  "dolar_tl": 43.1658,
  "dolar_usd": 1.0,
  "euro_tl": 50.3076,
  "euro_usd": 1.1654504260317196,
  "sterlin_tl": 58.0496,
  "sterlin_usd": 1.3448053783319203,
  "GMSTR.IS_tl": 767.25,
  "GMSTR.IS_usd": 17.774488136441352,
  "GLDTR.IS_tl": 552.5,
  "GLDTR.IS_usd": 12.799484777300549
}