{
  "bitcoin_tl": 3603047.0799999996,
  "bitcoin_usd": 82850,
  "ethereum_tl": 114606.03464,
  "ethereum_usd": 2635.3,
  "solana_tl": 5043.831024,
  "solana_usd": 115.98,
  "avalanche-2_tl": 459.67661599999997,
  "avalanche-2_usd": 10.57,
  "ether-fi_tl": 23.1514366352,
  "ether-fi_usd": 0.532354,
  "arbitrum_tl": 6.4999230256,
  "arbitrum_usd": 0.149462,
  "zksync_tl": 1.020489915504,
  "zksync_usd": 0.02346558,
  "optimism_tl": 10.984575059199999,
  "optimism_usd": 0.252584,
  "ripple_tl": 73.93096,
  "ripple_usd": 1.7,
  "eigenlayer_tl": 12.111891732799998,
  "eigenlayer_usd": 0.278506,
  "io_tl": 5.7793136096,
  "io_usd": 0.132892,
  "binancecoin_tl": 36332.283072,
  "binancecoin_usd": 835.44,
  "gram_altin_tl": 6788.96,
  "gram_altin_usd": 156.10823936277848,
  "dolar_tl": 43.4888,
  "dolar_usd": 1.0,
  "euro_tl": 51.5952,
  "euro_usd": 1.186402016151285,
  "sterlin_tl": 59.5539,
  "sterlin_usd": 1.3694077555600523,
  "GMSTR.IS_tl": 807.0,
  "GMSTR.IS_usd": 18.556501903938486,
  "GLDTR.IS_tl": 623.75,
  "GLDTR.IS_usd": 14.342773311749232,
  "amzn_tl": 10406.869972717284,
  "amzn_usd": 239.3000030517578
}