{
  "bitcoin_tl": 3313177.6319999998,
  "bitcoin_usd": 76158,
  "ethereum_tl": 98128.05744,
  "ethereum_usd": 2255.61,
  "solana_tl": 4214.66752,
  "solana_usd": 96.88,
  "avalanche-2_tl": 436.34511999999995,
  "avalanche-2_usd": 10.03,
  "ether-fi_tl": 22.075974287999998,
  "ether-fi_usd": 0.507447,
  "arbitrum_tl": 5.905929023999999,
  "arbitrum_usd": 0.135756,
  "zksync_tl": 1.0535537696,
  "zksync_usd": 0.0242174,
  "optimism_tl": 9.790401183999998,
  "optimism_usd": 0.225046,
  "ripple_tl": 69.6064,
  "ripple_usd": 1.6,
  "eigenlayer_tl": 11.019693711999999,
  "eigenlayer_usd": 0.253303,
  "io_tl": 5.325803184,
  "io_usd": 0.122421,
  "binancecoin_tl": 32845.08496,
  "binancecoin_usd": 754.99,
  "gram_altin_tl": 7072.05,
  "gram_altin_usd": 162.56091393894815,
  "dolar_tl": 43.504,
  "dolar_usd": 1.0,
  "euro_tl": 51.4052,
  "euro_usd": 1.1816200809121,
  "sterlin_tl": 59.6488,
  "sterlin_usd": 1.3711107024641414,
  "GMSTR.IS_tl": 848.0,
  "GMSTR.IS_usd": 19.492460463405664,
  "GLDTR.IS_tl": 622.5,
  "GLDTR.IS_usd": 14.30902905479956,
  "amzn_tl": 10380.924267578124,
  "amzn_usd": 238.6199951171875
}