{
  "bitcoin_tl": 3975311.7468,
  "bitcoin_usd": 92097,
  "ethereum_tl": 135240.971504,
  "ethereum_usd": 3133.16,
  "solana_tl": 6106.467668,
  "solana_usd": 141.47,
  "avalanche-2_tl": 595.66872,
  "avalanche-2_usd": 13.8,
  "ether-fi_tl": 32.1218242056,
  "ether-fi_usd": 0.744174,
  "arbitrum_tl": 8.883880986,
  "arbitrum_usd": 0.205815,
  "zksync_tl": 1.5465502369200002,
  "zksync_usd": 0.0358293,
  "optimism_tl": 13.8227947984,
  "optimism_usd": 0.320236,
  "ripple_tl": 88.918664,
  "ripple_usd": 2.06,
  "eigenlayer_tl": 17.5978668936,
  "eigenlayer_usd": 0.407694,
  "io_tl": 6.8414279068,
  "io_usd": 0.158497,
  "binancecoin_tl": 39195.43342,
  "binancecoin_usd": 908.05,
  "gram_altin_tl": 6369.86,
  "gram_altin_usd": 147.5720732826125,
  "dolar_tl": 43.1644,
  "dolar_usd": 1.0,
  "euro_tl": 50.4106,
  "euro_usd": 1.167874452094782,
  "sterlin_tl": 58.2334,
  "sterlin_usd": 1.3491071345831287,
  "GMSTR.IS_tl": 735.0,
  "GMSTR.IS_usd": 17.027921157249956,
  "GLDTR.IS_tl": 549.25,
  "GLDTR.IS_usd": 12.72460638859801
}