{
  "bitcoin_tl": 4004154.8802,
  "bitcoin_usd": 92523,
  "ethereum_tl": 138149.683506,
  "ethereum_usd": 3192.19,
  "solana_tl": 5752.864782000001,
  "solana_usd": 132.93,
  "avalanche-2_tl": 544.429692,
  "avalanche-2_usd": 12.58,
  "ether-fi_tl": 28.1008380906,
  "ether-fi_usd": 0.649319,
  "arbitrum_tl": 8.29194984,
  "arbitrum_usd": 0.1916,
  "zksync_tl": 1.405229728446,
  "zksync_usd": 0.03247029,
  "optimism_tl": 13.4281982268,
  "optimism_usd": 0.310282,
  "ripple_tl": 84.82370399999999,
  "ripple_usd": 1.96,
  "eigenlayer_tl": 14.7687589692,
  "eigenlayer_usd": 0.341258,
  "io_tl": 6.5582139186,
  "io_usd": 0.151539,
  "binancecoin_tl": 39963.216708,
  "binancecoin_usd": 923.42,
  "gram_altin_tl": 6504.33,
  "gram_altin_usd": 150.29391784164483,
  "dolar_tl": 43.2774,
  "dolar_usd": 1.0,
  "euro_tl": 50.3549,
  "euro_usd": 1.1635380129120512,
  "sterlin_tl": 58.0227,
  "sterlin_usd": 1.3407159394972896,
  "GMSTR.IS_tl": 767.25,
  "GMSTR.IS_usd": 17.72865283034563,
  "GLDTR.IS_tl": 552.5,
  "GLDTR.IS_usd": 12.766478577733412
}