{
  "bitcoin_tl": 3881595.582,
  "bitcoin_usd": 89514,
  "ethereum_tl": 128191.43512,
  "ethereum_usd": 2956.24,
  "solana_tl": 5509.26915,
  "solana_usd": 127.05,
  "avalanche-2_tl": 525.1259299999999,
  "avalanche-2_usd": 12.11,
  "ether-fi_tl": 26.43061576,
  "ether-fi_usd": 0.60952,
  "arbitrum_tl": 7.7061254560000005,
  "arbitrum_usd": 0.177712,
  "zksync_tl": 1.26446031007,
  "zksync_usd": 0.02915989,
  "optimism_tl": 13.214353894,
  "optimism_usd": 0.304738,
  "ripple_tl": 83.25695999999999,
  "ripple_usd": 1.92,
  "eigenlayer_tl": 14.570184815,
  "eigenlayer_usd": 0.336005,
  "io_tl": 7.026844060999999,
  "io_usd": 0.162047,
  "binancecoin_tl": 38609.54794,
  "binancecoin_usd": 890.38,
  "gram_altin_tl": 6945.51,
  "gram_altin_usd": 160.1713442335632,
  "dolar_tl": 43.363,
  "dolar_usd": 1.0,
  "euro_tl": 51.2979,
  "euro_usd": 1.1829878006595484,
  "sterlin_tl": 59.178,
  "sterlin_usd": 1.364711851117312,
  "GMSTR.IS_tl": 807.0,
  "GMSTR.IS_usd": 18.610336000737956,
  "GLDTR.IS_tl": 598.0,
  "GLDTR.IS_usd": 13.790558771302724
}