{
  "bitcoin_tl": 3323679.8202,
  "bitcoin_usd": 76158,
  "ethereum_tl": 98439.106059,
  "ethereum_usd": 2255.61,
  "solana_tl": 4228.027271999999,
  "solana_usd": 96.88,
  "avalanche-2_tl": 437.728257,
  "avalanche-2_usd": 10.03,
  "ether-fi_tl": 22.1459512293,
  "ether-fi_usd": 0.507447,
  "arbitrum_tl": 5.924649776399999,
  "arbitrum_usd": 0.135756,
  "zksync_tl": 1.05689334906,
  "zksync_usd": 0.0242174,
  "optimism_tl": 9.8214350274,
  "optimism_usd": 0.225046,
  "ripple_tl": 69.82704,
  "ripple_usd": 1.6,
  "eigenlayer_tl": 11.0546241957,
  "eigenlayer_usd": 0.253303,
  "io_tl": 5.3426850399,
  "io_usd": 0.122421,
  "binancecoin_tl": 32949.198081,
  "binancecoin_usd": 754.99,
  "gram_altin_tl": 7052.17,
  "gram_altin_usd": 161.5917272162761,
  "dolar_tl": 43.6419,
  "dolar_usd": 1.0,
  "euro_tl": 51.9394,
  "euro_usd": 1.1901269193137787,
  "sterlin_tl": 59.586,
  "sterlin_usd": 1.3653392725797915,
  "GMSTR.IS_tl": 722.0,
  "GMSTR.IS_usd": 16.543734347038054,
  "GLDTR.IS_tl": 621.25,
  "GLDTR.IS_usd": 14.235173079082259,
  "amzn_tl": 9032.12791700592,
  "amzn_usd": 206.9600067138672,
  "aapl_tl": 11943.914872357178,
  "aapl_usd": 273.67999267578125,
  "tsm_tl": 15794.44018882141,
  "tsm_usd": 361.9100036621094
}