{
  "bitcoin_tl": 3932016.4992,
  "bitcoin_usd": 91181,
  "ethereum_tl": 134342.99865599998,
  "ethereum_usd": 3115.33,
  "solana_tl": 6085.977215999999,
  "solana_usd": 141.13,
  "avalanche-2_tl": 592.081536,
  "avalanche-2_usd": 13.73,
  "ether-fi_tl": 31.6986137472,
  "ether-fi_usd": 0.735071,
  "arbitrum_tl": 8.7899743488,
  "arbitrum_usd": 0.203834,
  "zksync_tl": 1.45208535744,
  "zksync_usd": 0.03367295,
  "optimism_tl": 13.519511308799999,
  "optimism_usd": 0.313509,
  "ripple_tl": 89.69625599999999,
  "ripple_usd": 2.08,
  "eigenlayer_tl": 17.639976192,
  "eigenlayer_usd": 0.40906,
  "io_tl": 6.7726710528,
  "io_usd": 0.157054,
  "binancecoin_tl": 38871.252479999996,
  "binancecoin_usd": 901.4,
  "gram_altin_tl": 6402.93,
  "gram_altin_usd": 148.47993655387356,
  "dolar_tl": 43.1232,
  "dolar_usd": 1.0,
  "euro_tl": 50.3973,
  "euro_usd": 1.168681823241318,
  "sterlin_tl": 58.1392,
  "sterlin_usd": 1.3482116355001486,
  "GMSTR.IS_tl": 730.0,
  "GMSTR.IS_usd": 16.928242802018403,
  "GLDTR.IS_tl": 553.75,
  "GLDTR.IS_usd": 12.841115687147523
}