{
  "bitcoin_tl": 2917065.3617000002,
  "bitcoin_usd": 66661,
  "ethereum_tl": 84998.84128000001,
  "ethereum_usd": 1942.4,
  "solana_tl": 3538.8469390000005,
  "solana_usd": 80.87,
  "avalanche-2_tl": 373.707838,
  "avalanche-2_usd": 8.54,
  "ether-fi_tl": 18.8757903547,
  "ether-fi_usd": 0.431351,
  "arbitrum_tl": 4.6705603004,
  "arbitrum_usd": 0.106732,
  "zksync_tl": 0.919256954721,
  "zksync_usd": 0.02100693,
  "optimism_tl": 7.685166033400001,
  "optimism_usd": 0.175622,
  "ripple_tl": 59.51319200000001,
  "ripple_usd": 1.36,
  "eigenlayer_tl": 8.4266303902,
  "eigenlayer_usd": 0.192566,
  "io_tl": 4.2327445019,
  "io_usd": 0.096727,
  "binancecoin_tl": 25819.535791,
  "binancecoin_usd": 590.03,
  "gram_altin_tl": 7004.41,
  "gram_altin_usd": 160.06531123385213,
  "dolar_tl": 43.7597,
  "dolar_usd": 1.0,
  "euro_tl": 51.6191,
  "euro_usd": 1.1796036078857945,
  "sterlin_tl": 59.1189,
  "sterlin_usd": 1.3509896091609401,
  "GMSTR.IS_tl": 697.0,
  "GMSTR.IS_usd": 15.927897129093664,
  "GLDTR.IS_tl": 617.0,
  "GLDTR.IS_usd": 14.099731031062827,
  "amzn_tl": 8962.017408665466,
  "amzn_usd": 204.8007049560547,
  "aapl_tl": 11550.525589343262,
  "aapl_usd": 263.9534912109375,
  "tsm_tl": 15862.453225659181,
  "tsm_usd": 362.489990234375
}