{
  "bitcoin_tl": 4006492.4952000002,
  "bitcoin_usd": 92586,
  "ethereum_tl": 138488.08742400003,
  "ethereum_usd": 3200.32,
  "solana_tl": 5769.183024,
  "solana_usd": 133.32,
  "avalanche-2_tl": 545.675052,
  "avalanche-2_usd": 12.61,
  "ether-fi_tl": 28.2625058376,
  "ether-fi_usd": 0.653118,
  "arbitrum_tl": 8.3174119524,
  "arbitrum_usd": 0.192207,
  "zksync_tl": 1.414560231192,
  "zksync_usd": 0.03268906,
  "optimism_tl": 13.441305018,
  "optimism_usd": 0.310615,
  "ripple_tl": 84.815472,
  "ripple_usd": 1.96,
  "eigenlayer_tl": 14.8663780404,
  "eigenlayer_usd": 0.343547,
  "io_tl": 6.527329488,
  "io_usd": 0.15084,
  "binancecoin_tl": 40011.698916,
  "binancecoin_usd": 924.63,
  "gram_altin_tl": 6493.55,
  "gram_altin_usd": 150.05939010750302,
  "dolar_tl": 43.2732,
  "dolar_usd": 1.0,
  "euro_tl": 50.3952,
  "euro_usd": 1.1645822356562492,
  "sterlin_tl": 58.0404,
  "sterlin_usd": 1.3412550955325697,
  "GMSTR.IS_tl": 807.0,
  "GMSTR.IS_usd": 18.64895593577549,
  "GLDTR.IS_tl": 560.25,
  "GLDTR.IS_usd": 12.946812345747482
}