{
  "bitcoin_tl": 3313428.9534,
  "bitcoin_usd": 76158,
  "ethereum_tl": 98135.50095300001,
  "ethereum_usd": 2255.61,
  "solana_tl": 4214.9872239999995,
  "solana_usd": 96.88,
  "avalanche-2_tl": 436.378219,
  "avalanche-2_usd": 10.03,
  "ether-fi_tl": 22.0776488631,
  "ether-fi_usd": 0.507447,
  "arbitrum_tl": 5.9063770188,
  "arbitrum_usd": 0.135756,
  "zksync_tl": 1.05363368702,
  "zksync_usd": 0.0242174,
  "optimism_tl": 9.7911438358,
  "optimism_usd": 0.225046,
  "ripple_tl": 69.61168,
  "ripple_usd": 1.6,
  "eigenlayer_tl": 11.0205296119,
  "eigenlayer_usd": 0.253303,
  "io_tl": 5.3262071733,
  "io_usd": 0.122421,
  "binancecoin_tl": 32847.576427,
  "binancecoin_usd": 754.99,
  "gram_altin_tl": 7068.72,
  "gram_altin_usd": 162.47204492119712,
  "dolar_tl": 43.5073,
  "dolar_usd": 1.0,
  "euro_tl": 51.4168,
  "euro_usd": 1.181797077731783,
  "sterlin_tl": 59.6791,
  "sterlin_usd": 1.3717031394731458,
  "GMSTR.IS_tl": 848.0,
  "GMSTR.IS_usd": 19.49098197314014,
  "GLDTR.IS_tl": 624.75,
  "GLDTR.IS_usd": 14.359659183631253,
  "amzn_tl": 10381.711713562012,
  "amzn_usd": 238.6199951171875,
  "aapl_tl": 11724.347681985473,
  "aapl_usd": 269.4800109863281,
  "tsm_tl": 14607.575975,
  "tsm_usd": 335.75
}