{
  "bitcoin_tl": 2909292.6890999996,
  "bitcoin_usd": 66661,
  "ethereum_tl": 84772.35743999999,
  "ethereum_usd": 1942.4,
  "solana_tl": 3529.417497,
  "solana_usd": 80.87,
  "avalanche-2_tl": 372.7120739999999,
  "avalanche-2_usd": 8.54,
  "ether-fi_tl": 18.8254948281,
  "ether-fi_usd": 0.431351,
  "arbitrum_tl": 4.658115349199999,
  "arbitrum_usd": 0.106732,
  "zksync_tl": 0.9168075466829999,
  "zksync_usd": 0.02100693,
  "optimism_tl": 7.664688508199999,
  "optimism_usd": 0.175622,
  "ripple_tl": 59.354616,
  "ripple_usd": 1.36,
  "eigenlayer_tl": 8.404177194599999,
  "eigenlayer_usd": 0.192566,
  "io_tl": 4.221466133699999,
  "io_usd": 0.096727,
  "binancecoin_tl": 25750.738293,
  "binancecoin_usd": 590.03,
  "gram_altin_tl": 7148.64,
  "gram_altin_usd": 163.79771372794326,
  "dolar_tl": 43.6431,
  "dolar_usd": 1.0,
  "euro_tl": 52.0389,
  "euro_usd": 1.1923740522556832,
  "sterlin_tl": 59.8385,
  "sterlin_usd": 1.3710872967319006,
  "GMSTR.IS_tl": 746.5,
  "GMSTR.IS_usd": 17.104651136147524,
  "GLDTR.IS_tl": 625.5,
  "GLDTR.IS_usd": 14.332162472418322,
  "amzn_tl": 9032.376269013976,
  "amzn_usd": 206.9600067138672,
  "aapl_tl": 11944.243288348387,
  "aapl_usd": 273.67999267578125,
  "tsm_tl": 15794.874480825805,
  "tsm_usd": 361.9100036621094
}