{
  "bitcoin_tl": 3129374.619,
  "bitcoin_usd": 71127,
  "ethereum_tl": 91575.3558,
  "ethereum_usd": 2081.4,
  "solana_tl": 3909.57342,
  "solana_usd": 88.86,
  "avalanche-2_tl": 411.81192,
  "avalanche-2_usd": 9.36,
  "ether-fi_tl": 23.832514945,
  "ether-fi_usd": 0.541685,
  "arbitrum_tl": 4.501685046,
  "arbitrum_usd": 0.102318,
  "zksync_tl": 0.83375986886,
  "zksync_usd": 0.01895038,
  "optimism_tl": 5.502660793,
  "optimism_usd": 0.125069,
  "ripple_tl": 62.03577,
  "ripple_usd": 1.41,
  "eigenlayer_tl": 8.532734183,
  "eigenlayer_usd": 0.193939,
  "io_tl": 4.857884758,
  "io_usd": 0.110414,
  "binancecoin_tl": 28643.80688,
  "binancecoin_usd": 651.04,
  "gram_altin_tl": 7182.0,
  "gram_altin_usd": 163.23840261836034,
  "dolar_tl": 43.997,
  "dolar_usd": 1.0,
  "euro_tl": 51.1051,
  "euro_usd": 1.1615587426415437,
  "sterlin_tl": 58.8047,
  "sterlin_usd": 1.336561583744346,
  "GMSTR.IS_tl": 751.5,
  "GMSTR.IS_usd": 17.080710048412392,
  "GLDTR.IS_tl": 630.5,
  "GLDTR.IS_usd": 14.330522535627429,
  "amzn_tl": 9567.587915390015,
  "amzn_usd": 217.4600067138672,
  "aapl_tl": 11367.504675170898,
  "aapl_usd": 258.3699951171875,
  "tsm_tl": 15254.639893707275,
  "tsm_usd": 346.7200012207031
}