{
  "bitcoin_tl": 3974390.7768,
  "bitcoin_usd": 92097,
  "ethereum_tl": 135209.639904,
  "ethereum_usd": 3133.16,
  "solana_tl": 6105.052968,
  "solana_usd": 141.47,
  "avalanche-2_tl": 595.5307200000001,
  "avalanche-2_usd": 13.8,
  "ether-fi_tl": 32.1143824656,
  "ether-fi_usd": 0.744174,
  "arbitrum_tl": 8.881822836,
  "arbitrum_usd": 0.205815,
  "zksync_tl": 1.5461919439200003,
  "zksync_usd": 0.0358293,
  "optimism_tl": 13.8195924384,
  "optimism_usd": 0.320236,
  "ripple_tl": 88.898064,
  "ripple_usd": 2.06,
  "eigenlayer_tl": 17.5937899536,
  "eigenlayer_usd": 0.407694,
  "io_tl": 6.8398429368,
  "io_usd": 0.158497,
  "binancecoin_tl": 39186.35292,
  "binancecoin_usd": 908.05,
  "gram_altin_tl": 6420.73,
  "gram_altin_usd": 148.78506015609068,
  "dolar_tl": 43.1544,
  "dolar_usd": 1.0,
  "euro_tl": 50.3602,
  "euro_usd": 1.16697717961552,
  "sterlin_tl": 58.1046,
  "sterlin_usd": 1.3464351259662977,
  "GMSTR.IS_tl": 764.0,
  "GMSTR.IS_usd": 17.70387260626958,
  "GLDTR.IS_tl": 551.25,
  "GLDTR.IS_usd": 12.773900228018464
}