{
  "bitcoin_tl": 4039154.5929,
  "bitcoin_usd": 93601,
  "ethereum_tl": 137604.672933,
  "ethereum_usd": 3188.77,
  "solana_tl": 6181.652925,
  "solana_usd": 143.25,
  "avalanche-2_tl": 626.580108,
  "avalanche-2_usd": 14.52,
  "ether-fi_tl": 33.534636424800006,
  "ether-fi_usd": 0.777112,
  "arbitrum_tl": 9.3809226252,
  "arbitrum_usd": 0.217388,
  "zksync_tl": 1.5423118323270002,
  "zksync_usd": 0.03574063,
  "optimism_tl": 15.619407919500002,
  "optimism_usd": 0.361955,
  "ripple_tl": 90.62109000000001,
  "ripple_usd": 2.1,
  "eigenlayer_tl": 18.3393352065,
  "eigenlayer_usd": 0.424985,
  "io_tl": 7.0587787704,
  "io_usd": 0.163576,
  "binancecoin_tl": 40407.944031,
  "binancecoin_usd": 936.39,
  "gram_altin_tl": 6368.8,
  "gram_altin_usd": 147.58683657413522,
  "dolar_tl": 43.1529,
  "dolar_usd": 1.0,
  "euro_tl": 50.3059,
  "euro_usd": 1.1657594275239902,
  "sterlin_tl": 58.0032,
  "sterlin_usd": 1.344132144073747,
  "GMSTR.IS_tl": 767.25,
  "GMSTR.IS_usd": 17.779801589232704,
  "GLDTR.IS_tl": 552.5,
  "GLDTR.IS_usd": 12.80331101733603
}