{
  "bitcoin_tl": 2876901.4143999997,
  "bitcoin_usd": 65728,
  "ethereum_tl": 83877.81853199999,
  "ethereum_usd": 1916.34,
  "solana_tl": 3508.5871679999996,
  "solana_usd": 80.16,
  "avalanche-2_tl": 381.672656,
  "avalanche-2_usd": 8.72,
  "ether-fi_tl": 19.754536294399998,
  "ether-fi_usd": 0.451328,
  "arbitrum_tl": 4.3982521228,
  "arbitrum_usd": 0.100486,
  "zksync_tl": 0.8643480647819999,
  "zksync_usd": 0.01974759,
  "optimism_tl": 6.0970018306,
  "optimism_usd": 0.139297,
  "ripple_tl": 60.84002199999999,
  "ripple_usd": 1.39,
  "eigenlayer_tl": 8.370755400999998,
  "eigenlayer_usd": 0.191245,
  "io_tl": 4.700176203199999,
  "io_usd": 0.107384,
  "binancecoin_tl": 26191.410621999996,
  "binancecoin_usd": 598.39,
  "gram_altin_tl": 6998.79,
  "gram_altin_usd": 159.8999766962609,
  "dolar_tl": 43.7698,
  "dolar_usd": 1.0,
  "euro_tl": 51.5452,
  "euro_usd": 1.177643032410475,
  "sterlin_tl": 58.9803,
  "sterlin_usd": 1.3475112977441068,
  "GMSTR.IS_tl": 703.25,
  "GMSTR.IS_usd": 16.06701424269702,
  "GLDTR.IS_tl": 617.75,
  "GLDTR.IS_usd": 14.113612582191376,
  "amzn_tl": 8929.0392,
  "amzn_usd": 204.0,
  "aapl_tl": 11529.403178289795,
  "aapl_usd": 263.4100036621094,
  "tsm_tl": 15723.862524560545,
  "tsm_usd": 359.239990234375
}