{
  "bitcoin_tl": 4039126.5126,
  "bitcoin_usd": 93601,
  "ethereum_tl": 137603.716302,
  "ethereum_usd": 3188.77,
  "solana_tl": 6181.60995,
  "solana_usd": 143.25,
  "avalanche-2_tl": 626.575752,
  "avalanche-2_usd": 14.52,
  "ether-fi_tl": 33.5344032912,
  "ether-fi_usd": 0.777112,
  "arbitrum_tl": 9.380857408799999,
  "arbitrum_usd": 0.217388,
  "zksync_tl": 1.5423011101380002,
  "zksync_usd": 0.03574063,
  "optimism_tl": 15.619299333,
  "optimism_usd": 0.361955,
  "ripple_tl": 90.62046000000001,
  "ripple_usd": 2.1,
  "eigenlayer_tl": 18.339207711,
  "eigenlayer_usd": 0.424985,
  "io_tl": 7.0587296976,
  "io_usd": 0.163576,
  "binancecoin_tl": 40407.663114,
  "binancecoin_usd": 936.39,
  "gram_altin_tl": 6365.89,
  "gram_altin_usd": 147.52042750610624,
  "dolar_tl": 43.1526,
  "dolar_usd": 1.0,
  "euro_tl": 50.3063,
  "euro_usd": 1.16577680139783,
  "sterlin_tl": 58.008,
  "sterlin_usd": 1.3442527217363496,
  "GMSTR.IS_tl": 767.25,
  "GMSTR.IS_usd": 17.779925195700837,
  "GLDTR.IS_tl": 552.5,
  "GLDTR.IS_usd": 12.803400026881347
}