{
  "hisseler": {
    "GMSTR.IS": {
      "miktar": 208.0,
      "maliyet_usd": 6,123120562
    },
    "GLDTR.IS": {
      "miktar": 589.0,
      "maliyet_usd": 8.2680614
    }
  },
  "kripto_paralar": {
    "bitcoin": {
      "miktar": 0.00496472,
      "maliyet_usd": 84479.59
    },
    "ethereum": {
      "miktar": 0.67240624,
      "maliyet_usd": 2946.44
    },
    "solana": {
      "miktar": 2.20408323,
      "maliyet_usd": 185.06
    },
    "avalanche-2": {
      "miktar": 20.03588158,
      "maliyet_usd": 14.52
    },
    "ether-fi": {
      "miktar": 350.31744622,
      "maliyet_usd": 0.777112
    },
    "arbitrum": {
      "miktar": 1037.3431576,
      "maliyet_usd": 0.217388
    },
    "zksync": {
      "miktar": 6046.96139894,
      "maliyet_usd": 0.03574063
    },
    "optimism": {
      "miktar": 241.64807754,
      "maliyet_usd": 0.361955
    },
    "ripple": {
      "miktar": 33.09197253,
      "maliyet_usd": 2.1
    },
    "eigenlayer": {
      "miktar": 146.94213015,
      "maliyet_usd": 0.424985
    },
    "io": {
      "miktar": 292.33728134,
      "maliyet_usd": 0.163576
    },
    "binancecoin": {
      "miktar": 0.00278409,
      "maliyet_usd": 936.39
    }
  },
  "nakit_ve_emtia": {
    "gram_altin": {
      "miktar": 3.0,
      "maliyet_usd": 129.65
    },
    "dolar": {
      "miktar": 3674.0,
      "maliyet_usd": 1.0
    },
    "euro": {
      "miktar": 2000.0,
      "maliyet_usd": 1.164386738
    },
    "sterlin": {
      "miktar": 0.0,
      "maliyet_usd": 0.0
    }
  }
}
